"Required value missing","Name: (name)",NULL,100
"Required value missing","Name: (name)",NULL,1
"Required value missing","Name: (name)",NULL,2
"Required value missing","Name: (name)",NULL,3
"Required value missing","Name: (name)",NULL,4
"Required value missing","Name: (name)",NULL,5
"Required value missing","Name: (name)",NULL,6
"Required value missing","Name: (name)",NULL,7
"Required value missing","Name: (name)",NULL,8
"Required value missing","Name: (name)",NULL,9
"Required value missing","Name: (name)",NULL,10
"Required value missing","Name: (name)",NULL,11
"Required value missing","Name: (name)",NULL,12
"Required value missing","Name: (name)",NULL,13
"Required value missing","Name: (name)",NULL,14
"Required value missing","Name: (name)",NULL,15
"Required value missing","Name: (name)",NULL,16
"Required value missing","Name: (name)",NULL,17
"Required value missing","Name: (name)",NULL,18
"Required value missing","Name: (name)",NULL,19
"Required value missing","Name: (name)",NULL,20
"Required value missing","Name: (name)",NULL,21
"Required value missing","Name: (name)",NULL,22
"Required value missing","Name: (name)",NULL,23
"Required value missing","Name: (name)",NULL,24
"Required value missing","Name: (name)",NULL,25
"Required value missing","Name: (name)",NULL,26
"Required value missing","Name: (name)",NULL,27
"Required value missing","Name: (name)",NULL,28
"Required value missing","Name: (name)",NULL,29
"Required value missing","Name: (name)",NULL,30
"Required value missing","Name: (name)",NULL,31
"Required value missing","Name: (name)",NULL,32
"Required value missing","Name: (name)",NULL,33
"Required value missing","Name: (name)",NULL,34
"Required value missing","Name: (name)",NULL,35
"Required value missing","Name: (name)",NULL,36
"Required value missing","Name: (name)",NULL,37
"Required value missing","Name: (name)",NULL,38
"Required value missing","Name: (name)",NULL,39
"Required value missing","Name: (name)",NULL,40
"Required value missing","Name: (name)",NULL,41
"Required value missing","Name: (name)",NULL,42
"Required value missing","Name: (name)",NULL,43
"Required value missing","Name: (name)",NULL,44
"Required value missing","Name: (name)",NULL,45
"Required value missing","Name: (name)",NULL,46
"Required value missing","Name: (name)",NULL,47
"Required value missing","Name: (name)",NULL,48
"Required value missing","Name: (name)",NULL,49
"Required value missing","Name: (name)",NULL,50
"Required value missing","Name: (name)",NULL,51
"Required value missing","Name: (name)",NULL,52
"Required value missing","Name: (name)",NULL,53
"Required value missing","Name: (name)",NULL,54
"Required value missing","Name: (name)",NULL,55
"Required value missing","Name: (name)",NULL,56
"Required value missing","Name: (name)",NULL,57
"Required value missing","Name: (name)",NULL,58
"Required value missing","Name: (name)",NULL,59
"Required value missing","Name: (name)",NULL,60
"Required value missing","Name: (name)",NULL,61
"Required value missing","Name: (name)",NULL,62
"Required value missing","Name: (name)",NULL,63
"Required value missing","Name: (name)",NULL,64
"Required value missing","Name: (name)",NULL,65
"Required value missing","Name: (name)",NULL,66
"Required value missing","Name: (name)",NULL,67
"Required value missing","Name: (name)",NULL,68
"Required value missing","Name: (name)",NULL,69
"Required value missing","Name: (name)",NULL,70
"Required value missing","Name: (name)",NULL,71
"Required value missing","Name: (name)",NULL,72
"Required value missing","Name: (name)",NULL,73
"Required value missing","Name: (name)",NULL,74
"Required value missing","Name: (name)",NULL,75
